{
  "vite.config.js": 1760624990.2235215,
  "vitest.config.js": 1762626779.994835,
  "rollup.config.js": 1762010298.5433095,
  "eslint.config.js": 1762626779.980723,
  "test/02-key.test.js": 1762626779.9939554,
  "test/04-form.test.js": 1762626779.9943032,
  "test/06-scroll.test.js": 1762626779.9946907,
  "test/01-general.test.js": 1762626779.9937785,
  "test/03-click.test.js": 1762626779.9941316,
  "test/05-hover.test.js": 1762626779.9944413,
  "html/assets/index-DOkKC3NI.js": 1762626779.982642,
  "test-helpers/wait.js": 1762536517.781056,
  "test-helpers/Block.jsx": 1762626779.9933305,
  "test-helpers/setup.js": 1762536517.780873,
  "coverage/block-navigation.js": 1762625701.930784,
  "coverage/prettify.js": 1762625701.9313045,
  "coverage/sorter.js": 1762625701.9311275,
  "coverage/lcov-report/block-navigation.js": 1762625701.9096892,
  "coverage/lcov-report/prettify.js": 1762625701.911499,
  "coverage/lcov-report/sorter.js": 1762625701.9107556,
  "src/main.js": 1762626779.9854686,
  "src/methods/listShortcuts.js": 1762626779.9870934,
  "src/methods/unload.js": 1762626779.9875412,
  "src/methods/_readShortcutWithPlugins.js": 1762626779.9860227,
  "src/methods/index.js": 1762626779.986857,
  "src/methods/_normalizeWithPlugins.js": 1762626779.9857414,
  "src/methods/load.js": 1762626779.9873555,
  "src/methods/_setupPlugin.js": 1762626779.9863315,
  "src/methods/_systemAction.js": 1762626779.9865086,
  "src/methods/changeContext.js": 1762626779.9866881,
  "src/plugins/form/_listenDOM.js": 1762626779.9892912,
  "src/plugins/form/index.js": 1762626779.9904203,
  "src/plugins/form/_registerShortcutEvents.js": 1762626779.9902272,
  "src/plugins/form/_normalizeShortcutName.js": 1762626779.9895978,
  "src/plugins/form/_defaults.js": 1762626779.9890249,
  "src/plugins/hover/_listenDOM.js": 1762626779.9908626,
  "src/plugins/hover/_findTarget.js": 1762626779.9906108,
  "src/plugins/hover/index.js": 1762626779.9912727,
  "src/plugins/hover/_registerShortcutEvents.js": 1762626779.9911392,
  "src/plugins/hover/_normalizeShortcutName.js": 1762626779.9910018,
  "src/plugins/scroll/_listenDOM.js": 1762626779.9926744,
  "src/plugins/scroll/index.js": 1762626779.993043,
  "src/plugins/scroll/_registerShortcutEvents.js": 1762626779.9929318,
  "src/plugins/scroll/_normalizeShortcutName.js": 1762626779.9928043,
  "src/plugins/click/_listenDOM.js": 1762626779.9881291,
  "src/plugins/click/_readClickEvent.js": 1762626779.988526,
  "src/plugins/click/_findTarget.js": 1762626779.9878113,
  "src/plugins/click/index.js": 1762626779.9888597,
  "src/plugins/click/_registerShortcutEvents.js": 1762626779.9886897,
  "src/plugins/click/_normalizeShortcutName.js": 1762626779.9882822,
  "src/plugins/key/_listenDOM.js": 1762626779.9915516,
  "src/plugins/key/_specialChars.js": 1762626779.9922228,
  "src/plugins/key/index.js": 1762626779.992412,
  "src/plugins/key/_registerShortcutEvents.js": 1762626779.992044,
  "src/plugins/key/_readKeyEvent.js": 1762626779.9918733,
  "src/plugins/key/_normalizeShortcutName.js": 1762626779.9917033,
  "How.to.create.plugins.md": 1762626779.9717243,
  "CODE_OF_CONDUCT.md": 1762626779.9710162,
  "README-v.2.x.x.md": 1709667516.0466158,
  "API.md": 1762626779.9707503,
  "Changelog.md": 1775125798.9381425,
  "Migration.guide.md": 1762626779.9719975,
  "README.md": 1762812256.3854492,
  "CONTRIBUTING.md": 1762626779.9713907,
  "javascript.svg": 1702930882.0850813,
  "shortcuts.png": 1762626779.9851072,
  "test/__screenshots__/02-key.test.js/Key-plugin-Mute-and-unmute-key-plugin-1.png": 1762541413.8356225,
  "test/__screenshots__/02-key.test.js/Key-plugin-Arguments-of-key-handler-1.png": 1762541413.9154105,
  "test/__screenshots__/02-key.test.js/Key-plugin-Extra-parameters-to-plugin-options-1.png": 1762541416.7111533,
  "test/__screenshots__/04-form.test.js/Form-plugin-Arguments-for--form-define--1.png": 1762541413.5854952,
  "test/__screenshots__/04-form.test.js/Form-plugin-Reveal-and-click-1.png": 1762541545.7015018,
  "test/__screenshots__/04-form.test.js/Form-plugin-Simpler-form-listener--Only--form-action--defined-1.png": 1762541413.3341146,
  "test/__screenshots__/04-form.test.js/Form-plugin-Arguments-for-action-function-1.png": 1762541413.4192502,
  "test/__screenshots__/04-form.test.js/Form-plugin-Extra-parameters-to-plugin-options-1.png": 1762541413.752406,
  "test/__screenshots__/04-form.test.js/Form-plugin-Arguments-for--form-watch--1.png": 1762541413.5029793,
  "test/__screenshots__/06-scroll.test.js/Scroll-plugin-Scroll-down-event-1.png": 1762541413.4125533,
  "test/__screenshots__/06-scroll.test.js/Scroll-plugin-Scroll-up-event-1.png": 1762541413.4961684,
  "test/__screenshots__/06-scroll.test.js/Scroll-plugin-Pause-and-resume-1.png": 1762541413.9116352,
  "test/__screenshots__/06-scroll.test.js/Scroll-plugin-Enable-already-enabled-plugin-1.png": 1762541413.9959416,
  "test/__screenshots__/06-scroll.test.js/Scroll-plugin-Combined-horizontal-and-vertical-scroll-1.png": 1762541413.7443113,
  "test/__screenshots__/06-scroll.test.js/Scroll-plugin-Scroll-right-event-1.png": 1762541413.6625004,
  "test/__screenshots__/06-scroll.test.js/Scroll-plugin-Mute-and-unmute-scroll-plugin-1.png": 1762541413.8286297,
  "test/__screenshots__/06-scroll.test.js/Scroll-plugin-Disable-a-plugin-1.png": 1762541414.0783806,
  "test/__screenshots__/06-scroll.test.js/Scroll-plugin-Extra-parameters-to-plugin-options-1.png": 1762541414.16196,
  "test/__screenshots__/06-scroll.test.js/Scroll-plugin-Scroll-plugin-installed-1.png": 1762541413.3341079,
  "test/__screenshots__/06-scroll.test.js/Scroll-plugin-Scroll-left-event-1.png": 1762541413.5788782,
  "test/__screenshots__/01-general.test.js/Shortcuts-Switch-off-all-shortcuts-1.png": 1762541413.5029793,
  "test/__screenshots__/01-general.test.js/Shortcuts-Emit-custom-event-1.png": 1762541545.6204863,
  "test/__screenshots__/01-general.test.js/Shortcuts-Unload-non-existing-context-1.png": 1762541413.3341148,
  "test/__screenshots__/01-general.test.js/Shortcuts-List-shortcuts-1.png": 1762541413.7524056,
  "test/__screenshots__/01-general.test.js/Shortcuts-List-enabled-plugins--Disable-and-enable-plugins-1.png": 1762541545.5539684,
  "test/__screenshots__/01-general.test.js/Shortcuts-Change-to-same-context-1.png": 1762541413.4194834,
  "test/__screenshots__/01-general.test.js/Shortcuts-Set-note-with-invalid-types-1.png": 1762541413.5855863,
  "test/__screenshots__/01-general.test.js/Shortcuts-Reset-1.png": 1762541413.835631,
  "test/__screenshots__/03-click.test.js/Click-plugin-Click-on-anchor-1.png": 1762541546.418588,
  "test/__screenshots__/03-click.test.js/Click-plugin-Single-left-click-1.png": 1762541545.6204827,
  "test/__screenshots__/03-click.test.js/Click-plugin-Single-right-click-1.png": 1762541545.8183572,
  "test/__screenshots__/03-click.test.js/Click-plugin-Mute-and-unmute-click-plugin-1.png": 1762541546.487516,
  "test/__screenshots__/03-click.test.js/Click-plugin-Click-plugin-installed-1.png": 1762541545.5539687,
  "test/__screenshots__/03-click.test.js/Click-plugin-Arguments-of-click-handler-1.png": 1762541546.3523574,
  "test/__screenshots__/03-click.test.js/Click-plugin-Click-with-ctrl-modifier-1.png": 1762541546.218994,
  "test/__screenshots__/03-click.test.js/Click-plugin-Ignore-clicks-on-elements-that-are-not-a-target-1.png": 1762541545.9521346,
  "test/__screenshots__/03-click.test.js/Click-plugin-Multiple-right-clicks-1.png": 1762541546.0201702,
  "test/__screenshots__/03-click.test.js/Click-plugin-Double-left-click-1.png": 1762541545.6847925,
  "test/__screenshots__/03-click.test.js/Click-plugin-Click-with-modifiers-1.png": 1762541546.085559,
  "test/__screenshots__/03-click.test.js/Click-plugin-Click-with-shift-modifier-1.png": 1762541546.2854245,
  "test/__screenshots__/03-click.test.js/Click-plugin-Click-setup-event-1.png": 1762541546.6181293,
  "test/__screenshots__/03-click.test.js/Click-plugin-Click-on-document-body---no-target-found-1.png": 1762541546.15373,
